"posterior_prob_time_null","subj_id"
0.0508217922295859,"1"
0.994964387471163,"2"
0.995143709133074,"3"
0.99779863184275,"4"
