"posterior_prob_abs_null","subj_id"
5.57517704889594e-39,"1"
8.31719049632749e-49,"2"
6.54650327850287e-51,"3"
1.08597601953429e-46,"4"
