"posterior_prob_null","subj_id"
0.997383962532242,"1"
0.998349900767391,"2"
0.998440770425994,"3"
0.9938296488583,"4"
